i,-9,-8,-7,-6,-5,-4,-3,-2,-1,0,1,2,3,4,5,6,7,8,9
A,0.02,0.03,0.04,0.06,0.07,0.09,0.1,0.12,0.12,0.13,0.12,0.12,0.1,0.09,0.07,0.06,0.04,0.03,0.02
C,0,0,0,0,-0.01,-0.02,-0.03,-0.05,-0.07,-0.08,-0.07,-0.05,-0.03,-0.02,-0.01,0,0,0,0
D,0.44,0.59,0.77,0.96,1.17,1.36,1.54,1.67,1.76,1.79,1.76,1.67,1.54,1.36,1.17,0.96,0.77,0.59,0.44
E,0.69,0.8,0.92,1.03,1.14,1.23,1.31,1.37,1.41,1.42,1.41,1.37,1.31,1.23,1.14,1.03,0.92,0.8,0.69
F,-0.25,-0.26,-0.26,-0.27,-0.27,-0.27,-0.27,-0.28,-0.28,-0.28,-0.28,-0.28,-0.27,-0.27,-0.27,-0.27,-0.26,-0.26,-0.25
G,0.33,0.36,0.38,0.41,0.43,0.45,0.46,0.47,0.48,0.48,0.48,0.47,0.46,0.45,0.43,0.41,0.38,0.36,0.33
H,0.63,0.72,0.81,0.9,0.98,1.06,1.12,1.16,1.19,1.2,1.19,1.16,1.12,1.06,0.98,0.9,0.81,0.72,0.63
I,-0.11,-0.14,-0.19,-0.24,-0.29,-0.34,-0.39,-0.43,-0.45,-0.46,-0.45,-0.43,-0.39,-0.34,-0.29,-0.24,-0.19,-0.14,-0.11
K,0.32,0.46,0.63,0.84,1.07,1.3,1.52,1.69,1.81,1.85,1.81,1.69,1.52,1.3,1.07,0.84,0.63,0.46,0.32
L,-0.35,-0.37,-0.38,-0.39,-0.4,-0.41,-0.42,-0.42,-0.43,-0.43,-0.43,-0.42,-0.42,-0.41,-0.4,-0.39,-0.38,-0.37,-0.35
M,0,0,0,0,-0.01,-0.02,-0.03,-0.05,-0.07,-0.08,-0.07,-0.05,-0.03,-0.02,-0.01,0,0,0,0
N,0.63,0.73,0.84,0.95,1.05,1.14,1.22,1.28,1.31,1.33,1.31,1.28,1.22,1.14,1.05,0.95,0.84,0.73,0.63
P,0.48,0.57,0.66,0.76,0.84,0.92,0.99,1.04,1.08,1.09,1.08,1.04,0.99,0.92,0.84,0.76,0.66,0.57,0.48
Q,0.54,0.65,0.77,0.89,1.01,1.11,1.21,1.28,1.32,1.33,1.32,1.28,1.21,1.11,1.01,0.89,0.77,0.65,0.54
R,0.03,0.06,0.13,0.26,0.46,0.73,1.04,1.34,1.57,1.65,1.57,1.34,1.04,0.73,0.46,0.26,0.13,0.06,0.03
S,0.37,0.43,0.48,0.53,0.58,0.62,0.65,0.68,0.7,0.7,0.7,0.68,0.65,0.62,0.58,0.53,0.48,0.43,0.37
T,0.04,0.07,0.11,0.17,0.24,0.32,0.4,0.46,0.51,0.53,0.51,0.46,0.4,0.32,0.24,0.17,0.11,0.07,0.04
V,0,0,0,-0.01,-0.02,-0.05,-0.1,-0.17,-0.22,-0.24,-0.22,-0.17,-0.1,-0.05,-0.02,-0.01,0,0,0
W,-0.24,-0.35,-0.42,-0.39,-0.27,-0.1,0.07,0.18,0.25,0.27,0.25,0.18,0.07,-0.1,-0.27,-0.39,-0.42,-0.35,-0.24
Y,-0.11,-0.19,-0.2,-0.1,0.08,0.27,0.44,0.54,0.6,0.62,0.6,0.54,0.44,0.27,0.08,-0.1,-0.2,-0.19,-0.11
